sk_respondente,respondente_id,publico,carimbo,fonte_arquivo
1,1,contratante,2026-03-23 16:36:16.600,pesquisa-contratante.xlsx
2,2,contratante,2026-03-23 16:52:14.776,pesquisa-contratante.xlsx
3,3,contratante,2026-03-23 22:22:57.824,pesquisa-contratante.xlsx
4,4,contratante,2026-03-24 07:06:47.496,pesquisa-contratante.xlsx
5,5,contratante,2026-03-24 14:12:11.902,pesquisa-contratante.xlsx
6,6,contratante,2026-03-24 14:51:16.640,pesquisa-contratante.xlsx
7,7,contratante,2026-03-24 16:08:02.275,pesquisa-contratante.xlsx
8,8,contratante,2026-03-24 18:02:41.390,pesquisa-contratante.xlsx
9,9,contratante,2026-03-24 18:03:19.611,pesquisa-contratante.xlsx
10,10,contratante,2026-03-24 18:03:56.180,pesquisa-contratante.xlsx
11,11,contratante,2026-03-24 18:05:29.471,pesquisa-contratante.xlsx
12,12,contratante,2026-03-24 18:06:17.115,pesquisa-contratante.xlsx
13,13,contratante,2026-03-24 18:06:53.372,pesquisa-contratante.xlsx
14,14,contratante,2026-03-24 18:19:46.080,pesquisa-contratante.xlsx
15,15,contratante,2026-03-24 18:20:34.264,pesquisa-contratante.xlsx
16,16,contratante,2026-03-24 18:21:39.067,pesquisa-contratante.xlsx
17,17,contratante,2026-03-24 18:27:27.517,pesquisa-contratante.xlsx
18,18,contratante,2026-03-24 18:43:07.909,pesquisa-contratante.xlsx
19,19,contratante,2026-03-24 18:52:43.021,pesquisa-contratante.xlsx
20,20,contratante,2026-03-24 19:10:38.159,pesquisa-contratante.xlsx
21,21,contratante,2026-03-24 19:15:06.376,pesquisa-contratante.xlsx
22,22,contratante,2026-03-24 19:19:15.991,pesquisa-contratante.xlsx
23,23,contratante,2026-03-24 19:24:55.289,pesquisa-contratante.xlsx
24,24,contratante,2026-03-24 19:37:26.345,pesquisa-contratante.xlsx
25,25,contratante,2026-03-24 19:39:36.488,pesquisa-contratante.xlsx
26,26,contratante,2026-03-24 19:40:24.807,pesquisa-contratante.xlsx
27,27,contratante,2026-03-24 19:42:12.918,pesquisa-contratante.xlsx
28,28,contratante,2026-03-24 19:44:37.119,pesquisa-contratante.xlsx
29,29,contratante,2026-03-24 19:44:38.104,pesquisa-contratante.xlsx
30,30,contratante,2026-03-24 19:44:49.352,pesquisa-contratante.xlsx
31,31,contratante,2026-03-24 19:54:25.663,pesquisa-contratante.xlsx
32,32,contratante,2026-03-24 19:55:31.781,pesquisa-contratante.xlsx
33,33,contratante,2026-03-24 20:04:40.320,pesquisa-contratante.xlsx
34,34,contratante,2026-03-24 20:07:36.926,pesquisa-contratante.xlsx
35,35,contratante,2026-03-24 20:11:31.036,pesquisa-contratante.xlsx
36,36,contratante,2026-03-24 20:15:48.225,pesquisa-contratante.xlsx
37,37,contratante,2026-03-24 20:21:42.700,pesquisa-contratante.xlsx
38,38,contratante,2026-03-24 20:31:54.097,pesquisa-contratante.xlsx
39,39,contratante,2026-03-24 20:36:21.798,pesquisa-contratante.xlsx
40,40,contratante,2026-03-24 20:39:51.722,pesquisa-contratante.xlsx
41,41,contratante,2026-03-24 20:39:52.888,pesquisa-contratante.xlsx
42,42,contratante,2026-03-24 20:56:23.429,pesquisa-contratante.xlsx
43,43,contratante,2026-03-24 20:58:17.125,pesquisa-contratante.xlsx
44,44,contratante,2026-03-24 21:10:23.739,pesquisa-contratante.xlsx
45,45,contratante,2026-03-24 21:50:44.954,pesquisa-contratante.xlsx
46,46,contratante,2026-03-24 22:34:36.412,pesquisa-contratante.xlsx
47,47,contratante,2026-03-25 07:04:23.770,pesquisa-contratante.xlsx
48,48,contratante,2026-03-25 07:32:02.170,pesquisa-contratante.xlsx
49,49,contratante,2026-03-25 10:07:51.270,pesquisa-contratante.xlsx
50,50,contratante,2026-03-25 11:12:21.040,pesquisa-contratante.xlsx
51,51,contratante,2026-03-25 11:16:16.533,pesquisa-contratante.xlsx
52,52,contratante,2026-03-25 12:00:25.404,pesquisa-contratante.xlsx
53,53,contratante,2026-03-25 12:02:52.345,pesquisa-contratante.xlsx
54,54,contratante,2026-03-25 12:02:58.257,pesquisa-contratante.xlsx
55,55,contratante,2026-03-25 12:05:48.745,pesquisa-contratante.xlsx
56,56,contratante,2026-03-25 12:07:22.699,pesquisa-contratante.xlsx
57,57,contratante,2026-03-25 12:09:36.234,pesquisa-contratante.xlsx
58,58,contratante,2026-03-25 14:28:02.528,pesquisa-contratante.xlsx
59,59,contratante,2026-03-25 14:29:55.644,pesquisa-contratante.xlsx
60,60,contratante,2026-03-25 14:30:02.648,pesquisa-contratante.xlsx
61,61,contratante,2026-03-25 14:31:27.290,pesquisa-contratante.xlsx
62,62,contratante,2026-03-25 14:32:02.864,pesquisa-contratante.xlsx
63,63,contratante,2026-03-25 14:33:02.846,pesquisa-contratante.xlsx
64,64,contratante,2026-03-25 14:35:50.118,pesquisa-contratante.xlsx
65,65,contratante,2026-03-25 14:37:25.286,pesquisa-contratante.xlsx
66,66,contratante,2026-03-25 14:39:04.595,pesquisa-contratante.xlsx
67,67,contratante,2026-03-25 14:56:47.032,pesquisa-contratante.xlsx
68,68,contratante,2026-03-25 15:03:59.150,pesquisa-contratante.xlsx
69,69,contratante,2026-03-25 15:07:37.987,pesquisa-contratante.xlsx
70,70,contratante,2026-03-25 15:14:08.945,pesquisa-contratante.xlsx
71,71,contratante,2026-03-25 15:27:57.886,pesquisa-contratante.xlsx
72,72,contratante,2026-03-25 15:30:24.891,pesquisa-contratante.xlsx
73,73,contratante,2026-03-25 16:26:56.616,pesquisa-contratante.xlsx
74,74,contratante,2026-03-25 16:31:10.726,pesquisa-contratante.xlsx
75,75,contratante,2026-03-25 17:11:01.770,pesquisa-contratante.xlsx
76,76,contratante,2026-03-25 20:13:04.614,pesquisa-contratante.xlsx
77,77,contratante,2026-03-25 21:04:08.540,pesquisa-contratante.xlsx
78,78,contratante,2026-03-25 21:48:56.259,pesquisa-contratante.xlsx
79,79,contratante,2026-03-25 22:38:28.375,pesquisa-contratante.xlsx
80,80,contratante,2026-03-25 23:07:09.681,pesquisa-contratante.xlsx
81,81,contratante,2026-03-26 00:35:02.800,pesquisa-contratante.xlsx
82,82,contratante,2026-03-26 07:14:02.312,pesquisa-contratante.xlsx
83,83,contratante,2026-03-26 07:23:32.605,pesquisa-contratante.xlsx
84,84,contratante,2026-03-26 08:27:09.513,pesquisa-contratante.xlsx
85,85,contratante,2026-03-26 09:05:18.008,pesquisa-contratante.xlsx
86,86,contratante,2026-03-26 09:17:41.568,pesquisa-contratante.xlsx
87,87,contratante,2026-03-26 09:59:48.158,pesquisa-contratante.xlsx
88,88,contratante,2026-03-26 10:06:46.324,pesquisa-contratante.xlsx
89,89,contratante,2026-03-26 11:45:11.218,pesquisa-contratante.xlsx
90,90,contratante,2026-03-26 11:55:05.102,pesquisa-contratante.xlsx
91,91,contratante,2026-03-26 12:11:19.281,pesquisa-contratante.xlsx
92,92,contratante,2026-03-26 12:38:34.758,pesquisa-contratante.xlsx
93,93,contratante,2026-03-26 12:54:53.135,pesquisa-contratante.xlsx
94,94,contratante,2026-03-26 13:06:54.424,pesquisa-contratante.xlsx
95,95,contratante,2026-03-26 13:53:06.043,pesquisa-contratante.xlsx
96,96,contratante,2026-03-27 07:26:35.537,pesquisa-contratante.xlsx
97,97,contratante,2026-03-27 07:33:30.311,pesquisa-contratante.xlsx
98,98,contratante,2026-03-27 08:33:34.182,pesquisa-contratante.xlsx
99,99,contratante,2026-03-27 13:12:56.690,pesquisa-contratante.xlsx
100,100,contratante,2026-03-27 15:50:37.724,pesquisa-contratante.xlsx
101,101,contratante,2026-03-27 15:58:33.219,pesquisa-contratante.xlsx
102,102,contratante,2026-03-27 16:23:54.250,pesquisa-contratante.xlsx
103,103,contratante,2026-03-27 17:29:04.885,pesquisa-contratante.xlsx
104,104,contratante,2026-03-27 21:15:29.831,pesquisa-contratante.xlsx
105,105,contratante,2026-03-29 18:47:48.660,pesquisa-contratante.xlsx
106,106,contratante,2026-03-30 13:16:11.572,pesquisa-contratante.xlsx
107,1,diarista,2026-03-24 19:27:38.431,pesquisa-diaristas.xlsx
108,2,diarista,2026-03-24 19:41:03.979,pesquisa-diaristas.xlsx
109,3,diarista,2026-03-24 20:04:07.461,pesquisa-diaristas.xlsx
110,4,diarista,2026-03-25 13:38:54.909,pesquisa-diaristas.xlsx
111,5,diarista,2026-03-25 14:16:00.306,pesquisa-diaristas.xlsx
112,6,diarista,2026-03-25 14:18:16.907,pesquisa-diaristas.xlsx
113,7,diarista,2026-03-25 20:59:45.105,pesquisa-diaristas.xlsx
114,8,diarista,2026-03-26 09:12:33.191,pesquisa-diaristas.xlsx
115,9,diarista,2026-03-26 11:58:05.444,pesquisa-diaristas.xlsx
116,10,diarista,2026-03-27 20:16:44.565,pesquisa-diaristas.xlsx
117,11,diarista,2026-03-27 20:26:05.482,pesquisa-diaristas.xlsx
118,12,diarista,2026-03-27 20:30:39.852,pesquisa-diaristas.xlsx
119,13,diarista,2026-03-27 20:35:14.582,pesquisa-diaristas.xlsx
120,14,diarista,2026-03-27 21:02:36.821,pesquisa-diaristas.xlsx
121,15,diarista,2026-03-27 21:05:43.627,pesquisa-diaristas.xlsx
122,16,diarista,2026-03-27 21:06:01.331,pesquisa-diaristas.xlsx
123,17,diarista,2026-03-28 03:41:36.114,pesquisa-diaristas.xlsx
124,18,diarista,2026-03-30 17:19:07.065,pesquisa-diaristas.xlsx
125,19,diarista,2026-03-31 08:01:44.623,pesquisa-diaristas.xlsx
126,20,diarista,2026-03-31 08:33:07.801,pesquisa-diaristas.xlsx
127,21,diarista,2026-04-06 14:23:25.651,pesquisa-diaristas.xlsx
